Type,Name,Request Count,Failure Count,Median Response Time,Average Response Time,Min Response Time,Max Response Time,Average Content Size,Requests/s,Failures/s,50%,66%,75%,80%,90%,95%,98%,99%,99.9%,99.99%,100%
POST,addMusicToPlaylist,812,0,2300.0,1993.901026823892,35.63286500002505,2969.1404039999725,38.0,13.523480243509892,0.0,2300,2800,2800,2800,2900,2900,2900,2900,3000,3000,3000
POST,createPlaylist,849,0,2400.0,2323.5358987926916,42.95489900005123,24172.99058200024,43.0,14.139697939334852,0.0,2400,2800,2800,2900,2900,2900,9400,16000,24000,24000,24000
POST,createUser,1680,0,2200.0,2397.9950711130928,27.159860999745433,23358.341565000046,39.0,27.97961429691702,0.0,2200,2800,2800,2900,2900,2900,13000,18000,23000,23000,23000
POST,musics,4328,0,2200.0,2401.93780793022,19.47612999992998,24577.195743000175,3837.0,72.08081587920051,0.0,2200,2800,2800,2900,2900,2900,14000,19000,24000,25000,25000
POST,playlistMusics,2601,0,2300.0,2480.673657875816,14.010661999691365,24213.22364400021,772.5843906189926,43.318438563262596,0.0,2300,2800,2800,2900,2900,2900,14000,19000,24000,24000,24000
POST,user,3468,0,2300.0,2456.002890070353,14.080102000207262,24440.219235000313,95.42272202998846,57.75791808435013,0.0,2300,2800,2800,2900,2900,2900,15000,20000,24000,24000,24000
POST,userPlaylists,2453,0,2200.0,2428.410207581732,24.100667999846337,24440.02564700031,1588.5780676722381,40.853567779962766,0.0,2200,2800,2800,2900,2900,2900,14000,18000,24000,24000,24000
,Aggregated,16191,0,2200.0,2405.193540247357,14.010661999691365,24577.195743000175,1419.0982027052066,269.65353278653777,0.0,2200,2800,2800,2900,2900,2900,14000,19000,24000,24000,25000
