Type,Name,Request Count,Failure Count,Median Response Time,Average Response Time,Min Response Time,Max Response Time,Average Content Size,Requests/s,Failures/s,50%,66%,75%,80%,90%,95%,98%,99%,99.9%,99.99%,100%
POST,addMusicToPlaylist,5448,0,790.0,695.2971520778302,2.344575000279292,1040.2727860000596,36.0,90.69417725353958,0.0,790,810,830,840,860,890,930,960,1000,1000,1000
POST,createPlaylist,5520,0,530.0,469.28951207770996,2.1424179999485204,805.8944869999323,40.0,91.8927787150401,0.0,530,550,560,570,590,610,630,660,740,810,810
POST,createUser,11055,0,270.0,242.28425699574925,1.7086890002246946,742.3171350001212,36.0,184.0352660678928,0.0,270,280,290,290,300,320,330,350,540,720,740
POST,musics,27987,0,270.0,242.10272432386458,1.3099699999656877,754.8923050003395,3452.0,465.90637643076576,0.0,270,280,290,290,300,320,330,360,570,730,750
POST,playlistMusics,16579,0,270.0,241.6738821767914,1.5393499998026527,761.8175729999166,708.5734362748054,275.9946337530163,0.0,270,280,290,290,300,310,330,350,600,760,760
POST,user,22211,0,270.0,243.0662185514396,1.2144739998802834,771.2904320001144,87.43145288370627,369.7519036303905,0.0,270,280,290,290,300,320,330,350,610,740,770
POST,userPlaylists,16810,0,270.0,242.58545569161058,1.3904359998377913,746.7199040002015,1960.866508030934,279.8401467753304,0.0,270,280,290,290,300,320,330,360,570,730,750
,Aggregated,105610,0,270.0,277.58692340649554,1.2144739998802834,1040.2727860000596,1364.2418047533376,1758.1152826259754,0.0,270,280,290,300,340,580,810,840,930,1000,1000
