Type,Name,Request Count,Failure Count,Median Response Time,Average Response Time,Min Response Time,Max Response Time,Average Content Size,Requests/s,Failures/s,50%,66%,75%,80%,90%,95%,98%,99%,99.9%,99.99%,100%
POST,addMusicToPlaylist,5854,0,18,20.207793741543863,2.6173979999839503,109.18002200014598,36.0,97.49155046290255,0.0,18,23,27,29,35,42,51,62,97,110,110
POST,createPlaylist,5855,0,14,16.174429135271275,2.1609979999084317,407.68723300016063,40.0,97.50820429796626,0.0,14,18,21,22,28,34,46,55,120,410,410
POST,createUser,11750,0,10,12.128524042043166,1.812931000131357,379.5348029998422,36.0,195.68256199848054,0.0,10,13,15,17,21,25,32,38,210,360,380
POST,musics,29118,0,9,11.006452702967758,1.2495669998315861,342.7995990000454,3452.0,484.9263693848303,0.0,9,12,14,15,20,24,31,36,140,270,340
POST,playlistMusics,17529,0,10,11.564497489530412,1.4860350001981715,412.7234029997453,713.3166752239147,291.92507483160557,0.0,10,13,15,16,20,24,31,36,130,390,410
POST,user,23258,0,9,11.172678975319968,1.2035730001116463,422.22203099981925,87.48684323673575,387.3348959115456,0.0,9,12,14,16,20,25,32,38,140,360,420
POST,userPlaylists,17435,0,9,11.107592378491377,1.3383929999690736,407.76774200003274,1604.9133926010898,290.3596143356177,0.0,9,12,14,15,20,24,31,36,120,390,410
,Aggregated,110799,0,10,12.023780644861425,1.2035730001116463,422.22203099981925,1298.7792489101887,1845.2282712229485,0.0,10,13,15,17,22,27,34,41,140,360,420
