Type,Name,Request Count,Failure Count,Median Response Time,Average Response Time,Min Response Time,Max Response Time,Average Content Size,Requests/s,Failures/s,50%,66%,75%,80%,90%,95%,98%,99%,99.9%,99.99%,100%
POST,addMusicToPlaylist,871,0,780.0,744.324203091846,34.34810799990373,922.1798190001209,38.0,14.515859307914047,0.0,780,800,810,810,830,850,880,890,920,920,920
POST,createPlaylist,887,0,780.0,773.9157889526455,85.47716599969135,6494.888487000026,43.0,14.7825111436507,0.0,780,800,810,820,830,850,890,1600,6500,6500,6500
POST,createUser,1699,0,780.0,791.6526537928208,25.491834000149538,6754.911227999855,39.0,28.31509180728584,0.0,780,790,800,810,830,850,900,2900,6700,6800,6800
POST,musics,4336,0,780.0,772.9273189810909,63.18085900011283,6628.316386000279,3837.0,72.26264748463296,0.0,780,790,800,810,830,850,880,1700,6000,6600,6600
POST,playlistMusics,2532,0,780.0,765.5832597160361,68.60874199992395,6743.056119000357,783.9095576619274,42.197653005325336,0.0,780,790,800,810,830,850,870,920,6400,6700,6700
POST,user,3350,0,780.0,760.8971954480592,29.07359600021664,6560.310136000226,95.43074626865672,55.83022810736172,0.0,780,790,800,810,830,840,880,1500,4900,6600,6600
POST,userPlaylists,2510,0,780.0,782.7222149047793,50.289106000036554,6426.898038000218,1531.3091633466136,41.831006731187436,0.0,780,790,800,810,830,850,890,3100,6200,6400,6400
,Aggregated,16185,0,780.0,771.2879565865311,25.491834000149538,6754.911227999855,1416.3033673154155,269.734997587358,0.0,780,790,800,810,830,850,880,1700,6000,6700,6800
