Type,Name,Request Count,Failure Count,Median Response Time,Average Response Time,Min Response Time,Max Response Time,Average Content Size,Requests/s,Failures/s,50%,66%,75%,80%,90%,95%,98%,99%,99.9%,99.99%,100%
grpc,/streaming.StreamingService/AddMusicToPlaylist,1431,0,1400.0,1342.9961055667418,4.204650999781734,3350.8244900003774,2.0,23.81981990863098,0.0,1400,1700,1800,1900,2100,2200,2300,2500,3200,3400,3400
grpc,/streaming.StreamingService/CreatePlaylist,1474,0,1500.0,1412.3724009152002,4.021168000235775,3406.3973870001973,10.676390773405698,24.535579696241836,0.0,1500,1700,1900,2000,2200,2500,3000,3200,3400,3400,3400
grpc,/streaming.StreamingService/CreateUser,2773,0,1500.0,1431.9003188586366,3.576252000129898,3398.6347569998543,55.0,46.15818351267205,0.0,1500,1700,1900,2000,2200,2500,2800,3100,3300,3400,3400
grpc,/streaming.StreamingService/GetUser,5576,0,1500.0,1438.5764721479568,1.8200950003119942,3405.4415969999354,45.35347919655667,92.8157343190261,0.0,1500,1700,1900,2000,2200,2500,2800,3100,3400,3400,3400
grpc,/streaming.StreamingService/ListMusics,6863,0,1500.0,1474.3807493311926,2.231965999726526,3407.8054269998574,3115.0,114.23859121798353,0.0,1500,1800,1900,2000,2200,2500,2900,3100,3300,3400,3400
grpc,/streaming.StreamingService/ListPlaylistMusics,4175,0,1500.0,1424.4720116996446,2.34463600008894,3411.720904000049,1023.5870658682635,69.49528170407712,0.0,1500,1700,1900,2000,2200,2400,2800,3100,3400,3400,3400
grpc,/streaming.StreamingService/ListUserPlaylists,4138,0,1500.0,1435.4719196324324,2.7850110000144923,3359.399329000098,1610.7989366843885,68.87939537520265,0.0,1500,1700,1900,2000,2200,2500,2900,3100,3300,3400,3400
,Aggregated,26430,0,1500.0,1437.8227345384796,1.8200950003119942,3411.720904000049,1238.7897086643966,439.9425857338343,0.0,1500,1800,1900,2000,2200,2500,2800,3100,3400,3400,3400
