Type,Name,Request Count,Failure Count,Median Response Time,Average Response Time,Min Response Time,Max Response Time,Average Content Size,Requests/s,Failures/s,50%,66%,75%,80%,90%,95%,98%,99%,99.9%,99.99%,100%
grpc,/streaming.StreamingService/AddMusicToPlaylist,1369,0,440.0,408.39654859751926,4.895159999705356,1004.634286000055,2.0,22.79484158091305,0.0,440,510,560,580,640,700,770,830,1000,1000,1000
grpc,/streaming.StreamingService/CreatePlaylist,1380,0,430.0,412.7459411558017,4.160537000188924,944.273212999633,10.67536231884058,22.977999548327254,0.0,430,480,510,530,590,650,700,770,910,940,940
grpc,/streaming.StreamingService/CreateUser,2701,0,440.0,422.03151478008465,3.46949400000085,949.3874989998403,55.0,44.97360636234196,0.0,440,480,510,530,590,650,720,790,950,950,950
grpc,/streaming.StreamingService/GetUser,5397,0,460.0,444.3068864839751,2.0356530003482476,1005.9750219998023,45.36038539929591,89.86395910313202,0.0,460,500,530,550,620,670,730,780,940,1000,1000
grpc,/streaming.StreamingService/ListMusics,6767,0,470.0,460.33361318826417,2.2637619999841263,971.416703000159,3115.0,112.67545140835546,0.0,470,520,550,570,650,700,780,830,950,970,970
grpc,/streaming.StreamingService/ListPlaylistMusics,4168,0,450.0,431.62476759453403,2.9426889996102545,944.3373919998521,1028.362284069098,69.40021892567246,0.0,450,490,520,540,610,670,730,770,920,940,940
grpc,/streaming.StreamingService/ListUserPlaylists,4095,0,440.0,428.75317369133114,4.193581999970775,951.7877439998301,1564.296459096459,68.18471605101456,0.0,440,490,520,540,600,660,720,780,930,950,950
,Aggregated,25877,0,450.0,438.08592571183044,2.0356530003482476,1005.9750219998023,1243.6545194574333,430.87079297975674,0.0,450,500,530,550,620,680,750,800,940,1000,1000
