Type,Name,Request Count,Failure Count,Median Response Time,Average Response Time,Min Response Time,Max Response Time,Average Content Size,Requests/s,Failures/s,50%,66%,75%,80%,90%,95%,98%,99%,99.9%,99.99%,100%
grpc,/streaming.StreamingService/AddMusicToPlaylist,6096,0,6,7.630893235889357,1.9354159999238618,85.1421269999264,2.0,77.85282571891715,0.0,6,8,9,10,14,18,24,27,65,85,85
grpc,/streaming.StreamingService/CreatePlaylist,6098,0,6,7.517419445065205,1.5842039997551183,201.88331700001072,10.681534929485077,77.87836798457296,0.0,6,7,9,10,13,18,23,37,83,200,200
grpc,/streaming.StreamingService/CreateUser,12345,0,4,5.674490697852658,1.2116769999011012,206.37277000014365,55.0,157.65963476050396,0.0,4,6,7,8,10,13,18,24,64,200,210
grpc,/streaming.StreamingService/GetUser,24188,0,4,5.010883673679135,0.8216520000132732,207.75958500007619,45.45377873325616,308.9081608413989,0.0,4,5,6,7,9,12,16,24,64,200,210
grpc,/streaming.StreamingService/ListMusics,30760,0,4,5.180935582768439,0.9918200003085076,209.05870799970216,3115.0,392.8400457863995,0.0,4,5,6,7,9,12,17,25,63,200,210
grpc,/streaming.StreamingService/ListPlaylistMusics,18331,0,4,5.358105465223749,1.1306380001769867,205.7988659998955,1028.0295673994872,234.1076358683514,0.0,4,5,7,7,10,12,16,23,61,200,210
grpc,/streaming.StreamingService/ListUserPlaylists,18398,0,4,5.294380397163545,1.0429399999338784,207.47228900017944,1729.6463202522013,234.96330176782112,0.0,4,5,6,7,9,12,17,24,62,200,210
,Aggregated,116216,0,4,5.494983575944102,0.8216520000132732,209.05870799970216,1276.4161733324156,1484.2099727279651,0.0,4,6,7,7,10,13,18,26,65,200,210
