Type,Name,Request Count,Failure Count,Median Response Time,Average Response Time,Min Response Time,Max Response Time,Average Content Size,Requests/s,Failures/s,50%,66%,75%,80%,90%,95%,98%,99%,99.9%,99.99%,100%
GET,GET /musics,36986,0,170.0,156.14695478186448,1.2243080000189366,550.1850139999078,5811.0,615.7367282712218,0.0,170,180,180,180,190,200,220,230,390,540,550
GET,GET /playlists/:id/musics,22245,0,170.0,156.34825223735868,1.476449000165303,563.1234709999262,1958.9026298044505,370.33103121162947,0.0,170,180,180,180,190,200,220,230,380,530,560
GET,GET /users/:id,29481,0,170.0,156.10219591716708,1.0870689998228045,544.4485890002397,69.46450256097147,490.79474628680816,0.0,170,180,180,180,190,200,220,230,400,540,540
GET,GET /users/:id/playlists,22242,0,170.0,156.77567057530948,1.1948769997616182,556.289950000064,1479.646209873213,370.2810877145005,0.0,170,180,180,180,190,200,220,230,390,520,560
POST,POST /playlists,7436,0,340.0,299.17730736498066,1.9998939997094567,673.8624829999935,42.739779451317915,123.79328155044624,0.0,340,350,350,360,370,390,410,430,520,670,670
POST,POST /users,14804,0,170.0,157.22831408011334,1.6169830000762886,558.4383479999815,99.26121318562551,246.45451049930153,0.0,170,180,180,180,190,200,220,230,360,490,560
PUT,PUT /playlists/:id/musics/:id,7365,0,500.0,441.2933525041414,2.1370189997469424,660.0007009997171,0.0,122.61128545172627,0.0,500,510,520,530,550,570,590,620,660,660,660
,Aggregated,140559,0,170.0,178.89062531572588,1.0870689998228045,673.8624829999935,2100.519248144907,2340.002670985634,0.0,170,180,190,190,220,370,510,530,600,650,670
