Type,Name,Request Count,Failure Count,Median Response Time,Average Response Time,Min Response Time,Max Response Time,Average Content Size,Requests/s,Failures/s,50%,66%,75%,80%,90%,95%,98%,99%,99.9%,99.99%,100%
GET,GET /musics,7760,0,1500.0,1285.8551289173956,2.9353859999901033,5564.3130290000045,5811.0,129.19741891591295,0.0,1500,1500,1500,1500,1500,1600,1600,3100,5000,5600,5600
GET,GET /playlists/:id/musics,4740,0,1500.0,1281.1220183586493,2.7329019999342563,5402.960391000306,1935.7886075949368,78.91698011100868,0.0,1500,1500,1500,1500,1500,1600,1600,2900,5100,5400,5400
GET,GET /users/:id,6174,0,1500.0,1291.3472082738867,2.217062999989139,5524.031541000113,69.46663427275672,102.79186396737714,0.0,1500,1500,1500,1500,1500,1600,1600,3100,5000,5500,5500
GET,GET /users/:id/playlists,4665,0,1500.0,1274.6074225507,2.3567230000480777,5252.296109999861,319.1281886387996,77.66829371684716,0.0,1500,1500,1500,1500,1500,1600,1600,2700,5100,5300,5300
POST,POST /playlists,1565,0,1500.0,1304.2595836977678,5.149773000084679,5564.735745000235,41.718210862619806,26.055922758170592,0.0,1500,1500,1500,1500,1600,1600,1600,3300,5100,5600,5600
POST,POST /users,3105,0,1500.0,1282.4478684025842,3.591009000047052,5418.476153000029,98.26280193236715,51.69561671828734,0.0,1500,1500,1500,1500,1600,1600,1600,3100,5200,5400,5400
PUT,PUT /playlists/:id/musics/:id,1530,0,1500.0,1269.1883840562118,4.293951999898127,1616.0669850000886,0.0,25.47320244089521,0.0,1500,1500,1500,1500,1500,1600,1600,1600,1600,1600,1600
,Aggregated,29539,0,1500.0,1284.220879683944,2.217062999989139,5564.735745000235,1914.6556416940316,491.79929862849906,0.0,1500,1500,1500,1500,1500,1600,1600,2900,5000,5500,5600
