Type,Name,Request Count,Failure Count,Median Response Time,Average Response Time,Min Response Time,Max Response Time,Average Content Size,Requests/s,Failures/s,50%,66%,75%,80%,90%,95%,98%,99%,99.9%,99.99%,100%
GET,GET /musics,30807,0,3,3.6698513328142686,1.1775569996643753,250.72325200017076,5811.0,514.8867499039911,0.0,3,3,4,4,6,7,10,13,120,240,250
GET,GET /playlists/:id/musics,18989,0,3,3.919646377532734,1.3533290002669673,247.39441499968962,1957.115540576123,317.3689256963316,0.0,3,4,4,5,6,8,10,13,77,240,250
GET,GET /users/:id,24764,0,3,3.5738945236662953,1.0847429998648295,251.2031820001539,69.43740914230334,413.88825509210363,0.0,3,3,4,4,6,7,10,13,90,240,250
GET,GET /users/:id/playlists,18640,0,3,3.621036910676457,1.1680749998959072,249.6125839998058,736.1167381974249,311.5359826731066,0.0,3,3,4,4,6,7,10,13,91,250,250
POST,POST /playlists,6235,0,4,5.363184933602261,1.9871539998348453,237.73188899986053,41.73712910986367,104.20744913985084,0.0,4,5,6,6,8,10,14,19,160,240,240
POST,POST /users,12527,0,3,4.379792810567439,1.4998690003267257,233.6831509996955,99.01764189351002,209.36755659581578,0.0,3,4,5,5,7,9,12,15,80,190,230
PUT,PUT /playlists/:id/musics/:id,6235,0,5,5.719700156056008,1.9776300000557967,51.64196699979584,0.0,104.20744913985084,0.0,5,6,7,7,10,12,16,18,44,52,52
,Aggregated,118197,0,3,3.9548785514357987,1.0847429998648295,251.2031820001539,1972.3388326268857,1975.4623682410504,0.0,3,4,4,5,6,8,11,14,87,240,250
