Type,Name,Request Count,Failure Count,Median Response Time,Average Response Time,Min Response Time,Max Response Time,Average Content Size,Requests/s,Failures/s,50%,66%,75%,80%,90%,95%,98%,99%,99.9%,99.99%,100%
POST,addMusicToPlaylist,5340,0,390.0,375.2316403595513,2.3063359999468958,571.2456220003332,329.0,89.85461707450575,0.0,390,410,430,440,460,480,500,530,570,570,570
POST,createPlaylist,5381,0,270.0,255.80750550306735,2.0650480000767857,836.3501159997213,383.72718825497117,90.544512074516,0.0,270,280,290,300,320,330,350,370,390,840,840
POST,createUser,10725,0,140.0,135.9130333084371,1.7155929999717046,763.8888200003748,406.0,180.46643597829103,0.0,140,150,160,160,170,180,190,200,430,710,760
POST,getUser,21061,0,140.0,135.98031278334616,1.2354569998933584,721.2916019998374,383.4431413513129,354.38728281014335,0.0,140,150,160,160,170,180,190,200,350,670,720
POST,listMusics,26644,0,140.0,135.6926670298748,1.3385560000642727,785.0474470001245,10903.0,448.3307897627587,0.0,140,150,160,160,170,180,190,200,450,700,790
POST,listPlaylistMusics,16002,0,140.0,136.05224796106796,1.5471649999199144,731.0406760002479,3904.1995375578053,269.26097049180544,0.0,140,150,160,160,170,180,190,200,420,660,730
POST,listUserPlaylists,15941,0,140.0,136.20205698011353,1.3843560000168509,774.6889280001596,11123.29019509441,268.23454134544875,0.0,140,150,160,160,170,180,190,200,560,740,770
,Aggregated,101094,0,140.0,154.95960471375193,1.2354569998933584,836.3501159997213,5406.281718005025,1701.079149537469,0.0,140,150,160,170,210,340,410,450,540,700,840
