Type,Name,Request Count,Failure Count,Median Response Time,Average Response Time,Min Response Time,Max Response Time,Average Content Size,Requests/s,Failures/s,50%,66%,75%,80%,90%,95%,98%,99%,99.9%,99.99%,100%
POST,addMusicToPlaylist,5570,0,25,31.92874008420544,2.5921540000126697,305.9093669999129,329.0,92.73318514112297,0.0,25,33,38,42,61,81,120,190,250,310,310
POST,createPlaylist,5570,0,19,25.9965910384223,2.0627449998755765,344.21824000037304,383.7359066427289,92.73318514112297,0.0,19,26,31,34,47,66,110,160,240,340,340
POST,createUser,11083,0,14,18.284478149238975,1.7432429999644228,271.6855079997913,406.0,184.51739513807289,0.0,14,19,22,25,33,43,72,94,150,190,270
POST,getUser,22073,0,13,17.48704748724548,1.1804979999396892,454.1371899999831,383.46590857608845,367.4864624093371,0.0,13,18,21,24,33,43,74,95,150,420,450
POST,listMusics,27766,0,13,17.693267489806004,1.3346659998205723,456.89338700003645,10903.0,462.2674360194651,0.0,13,18,22,24,33,43,76,98,150,420,460
POST,listPlaylistMusics,16690,0,14,18.146672680051726,1.5706389999650128,394.02639500031,3895.789934092271,277.8665816885714,0.0,14,19,22,25,33,43,77,99,160,390,390
POST,listUserPlaylists,16460,0,13,17.765089380135276,1.4872110000396788,440.9097399998245,9697.046294046173,274.03738373839934,0.0,13,18,22,24,33,43,77,100,150,380,440
,Aggregated,105212,0,14,18.98866258807042,1.1804979999396892,456.89338700003645,5173.3708512337,1751.6416292760916,0.0,14,19,23,26,35,48,81,100,200,380,460
