Type,Name,Request Count,Failure Count,Median Response Time,Average Response Time,Min Response Time,Max Response Time,Average Content Size,Requests/s,Failures/s,50%,66%,75%,80%,90%,95%,98%,99%,99.9%,99.99%,100%
POST,addMusicToPlaylist,609,0,73,778.5758843234707,5.729190999772982,35730.97649400006,330.0,10.15455489405038,0.0,73,88,1100,1100,2300,3200,5000,5500,36000,36000,36000
POST,createPlaylist,613,0,87,807.9527955252892,9.699724000256538,14414.918768000007,384.72920065252856,10.221251477919347,0.0,87,1100,1100,1300,2100,3600,5500,7600,14000,14000,14000
POST,createUser,1255,0,80,917.610709655781,4.709856000317814,37266.77008899969,407.0,20.926053188888712,0.0,80,1100,1100,1300,2500,3600,5200,7200,28000,37000,37000
POST,getUser,2656,0,62,810.6938939759028,3.3320120001008036,21142.908416999944,384.4408885542169,44.286531688994764,0.0,62,1100,1100,1300,2300,3300,5200,7200,20000,21000,21000
POST,listMusics,3380,0,66,911.9007088588734,7.399834000352712,55755.7431109999,10904.0,56.35861336927797,0.0,66,1100,1100,1300,2300,3500,5400,7700,54000,56000,56000
POST,listPlaylistMusics,2014,0,65,886.3653506593838,4.943175999869709,37284.60143200027,3912.8187686196625,33.58172997802539,0.0,65,1100,1100,1300,2300,3500,5400,7700,29000,37000,37000
POST,listUserPlaylists,1920,0,67,863.3585577124937,6.6007769996758725,53749.609484000306,8683.7046875,32.01436025710465,0.0,67,1100,1100,1300,2300,3400,5600,7500,42000,54000,54000
,Aggregated,12447,0,69,867.6182890019267,3.3320120001008036,55755.7431109999,5091.774644492649,207.54309485426123,0.0,69,1100,1100,1300,2300,3500,5400,7600,29000,56000,56000
